Workbook

Sheet Вводные
B2: Sizing инференса Llama-3-70B - вводные данные и допущения
B4: Параметр | C4: Значение | D4: Ед. изм. | E4: Комментарий
B5: Модель | C5: Llama-3-70B (dense, GQA) | D5: - | E5: по тех. заданию
B6: Параметры модели | C6: 70 | D6: млрд | E6: 80 слоев, 8 KV-голов (config.json - лист «Источники»)
B7: Байт на параметр - FP16 | C7: 2 | D7: байт | E7: стандарт прода (fp16/bf16)
B8: Байт на параметр - INT8 | C8: 1 | D8: байт | E8: «минимум для прода»
B9: Байт на параметр - INT4 | C9: 0.5 | D9: байт | E9: экстремальная схема; AWQ - самый зрелый метод
B10: Число слоев трансформера | C10: 80 | D10: шт | E10: config.json Llama-3-70B
B11: KV-головы (GQA) | C11: 8 | D11: шт | E11: config.json Llama-3-70B
B12: head_dim | C12: 128 | D12: - | E12: hidden 8192 / 64 головы = 128
B13: Байт на элемент KV-кэша | C13: 2 | D13: байт | E13: KV хранится в FP16 даже при INT4-весах (W4A16)
B14: KV-кэш на 1 токен | C14: =2*C10*C11*C12*C13/10^6 -> 0.32768 | D14: МБ | E14: 2(K и V) × слои × KV-головы × head_dim × байт
B15: Нагрузка | C15: 1000 | D15: RPM | E15: по тех. заданию
B16: Нагрузка | C16: =C15/60 -> 16.666667 | D16: RPS | E16: 1000 / 60 ~ 16,7 запросов/с
B17: Токенов на запрос - вход (prompt) | C17: 500 | D17: токенов | E17: допущение: типовой чат/RAG-профиль
B18: Токенов на запрос - выход (generation) | C18: 500 | D18: токенов | E18: допущение
B19: Контекст сессии под KV | C19: 4096 | D19: токенов | E19: 500 вход + 500 выход + запас
B20: Запас на KV-кэш (правило лекции) | C20: 0.2 | D20: доля | E20: ~20% сверх весов
B21: Оверхед на 1 GPU (CUDA, драйверы) | C21: 1.5 | D21: ГБ | E21: 1–2 ГБ, занято до загрузки весов
B22: Часов в месяце | C22: 730 | D22: ч | E22: 24/7; 8760/12
B23: Ср. длина KV-сессии при декоде | C23: =C17+C18/2 -> 750 | D23: токенов | E23: вход + выход/2 (KV растет в процессе генерации)
B24: KV-память на 1 сессию (средняя) | C24: =C14*C23/1000 -> 0.24576 | D24: ГБ | E24: 0,328 МБ × 750 ~ 0,25 ГБ
B25: Скорость 1 потока без батчинга | C25: 25 | D25: ток/с | E25: 70B на A100-классе, один запрос
B26: Длительность одного запроса | C26: =C18/C25 -> 20 | D26: с | E26: ~ выход / скорость потока
B27: Конкурентность (формула Литтла) | C27: =ROUNDUP(C16*C26,0) -> 334 | D27: сессий | E27: ~ RPS × длительность запроса
B28: Потребный поток генерации (прод) | C28: =C15*C18/60 -> 8333.3333 | D28: ток/с | E28: 1000 RPM × 500 выходных / 60 ~ 8 333
B29: Эффективность пропускной памяти (η) | C29: 0.7 | D29: доля | E29: коэффициент roofline-модели (лист «Оптимизация»)
B31: Желтые ячейки - редактируемые допущения, остальные значения считаются формулами. Все единицы - десятичные ГБ (VRAM по даташитам указана в GiB → дает дополнительный запас 5–7%).
B32: Формула памяти: VRAM = параметры × байт/параметр + KV-кэш + оверхед; на KV-кэш и запасы закладывается ~20% сверх весов.

Sheet VRAM
B2: Шаг 1 · Расчет VRAM: веса + KV-кэш + оверхед
B4: Показатель | C4: FP16 | D4: INT8 | E4: INT4 | F4: Формула / пояснение
B5: Байт на параметр | C5: =Вводные!C7 -> 2 | D5: =Вводные!C8 -> 1 | E5: =Вводные!C9 -> 0.5 | F5: 2 / 1 / 0,5 байт
B6: Веса модели, ГБ | C6: =Вводные!$C$6*C5 -> 140 | D6: =Вводные!$C$6*D5 -> 70 | E6: =Вводные!$C$6*E5 -> 35 | F6: параметры × байт: 70 млрд × 2 = 140 ГБ (FP16); × 1 = 70 ГБ; × 0,5 = 35 ГБ
B7: KV-кэш на 1 токен, МБ | C7: =Вводные!$C$14 -> 0.32768 | D7: =Вводные!$C$14 -> 0.32768 | E7: =Вводные!$C$14 -> 0.32768 | F7: 2 × 80 слоев × 8 KV-голов × 128 × 2 байт = 0,328 МБ
B8: KV-кэш на сессию @4096, ГБ | C8: =Вводные!$C$14*Вводные!$C$19/1000 -> 1.3421773 | D8: =Вводные!$C$14*Вводные!$C$19/1000 -> 1.3421773 | E8: =Вводные!$C$14*Вводные!$C$19/1000 -> 1.3421773 | F8: 0,328 МБ × 4096 ~ 1,34 ГБ (максимум на пике контекста)
B9: KV-кэш на сессию в среднем, ГБ | C9: =Вводные!$C$24 -> 0.24576 | D9: =Вводные!$C$24 -> 0.24576 | E9: =Вводные!$C$24 -> 0.24576 | F9: ~ 0,25 ГБ (вход 500 + выход/2)
B10: KV-запас по правилу 20%, ГБ | C10: =C6*Вводные!$C$20 -> 28 | D10: =D6*Вводные!$C$20 -> 14 | E10: =E6*Вводные!$C$20 -> 7 | F10: рекомендация: ~20% сверх весов
B11: Оверхед на 1 GPU, ГБ | C11: =Вводные!$C$21 -> 1.5 | D11: =Вводные!$C$21 -> 1.5 | E11: =Вводные!$C$21 -> 1.5 | F11: CUDA-контекст и драйверы, до загрузки весов
B12: Сводка по одной реплике и проверка емкости на всю нагрузку
B13: Минимум на 1 GPU-узел (веса + оверхед), ГБ | C13: =C6+C11 -> 141.5 | D13: =D6+D11 -> 71.5 | E13: =E6+E11 -> 36.5 | F13: сколько GPU какого объема нужно - лист «GPU»
B14: KV на всю конкуррентность (макс. @4096), ГБ | C14: =Вводные!$C$27*C8 -> 448.28721 | D14: =Вводные!$C$27*D8 -> 448.28721 | E14: =Вводные!$C$27*E8 -> 448.28721 | F14: ~334 сессии × 1,34 ГБ - не влезает ни в один узел → сайзинг по пропускной способности (лист «Оптимизация»)
B16: Примечание к INT4: реальные AWQ/GPTQ-чекпоинты 70B занимают ~38–42 ГБ (эмбеддинги, lm_head и нормализация остаются в FP16). Основной расчет - по чистой формуле «параметры × байт»; при фактических 40 ГБ потребуется: L4 - 3 шт, T4 - 4 шт, A100-80 - без изменений (1 шт).
B17: Чувствительность к допущению: при сценарии 1К вход / 1К выход и контексте 8192 KV на сессию вырастает до 2,68 ГБ - емкость буфера по сессиям падает вдвое.

Sheet GPU
B2: Шаг 1 (продолжение) · Сколько и каких GPU потребуется
B4: Критерий / GPU | C4: A100 80 ГБ | D4: A100 40 ГБ | E4: L4 24 ГБ (в Yandex - T4i) | F4: T4 16 ГБ
B5: VRAM, ГБ | C5: 80 | D5: 40 | E5: 24 | F5: 16
B6: Пропускная способность памяти, ГБ/с | C6: 2039 | D6: 1555 | E6: 300 | F6: 320
B7: FlashAttention-2 (нужен Ampere+) | C7: да | D7: да | E7: да | F7: нет (Turing)
B8: NVLink | C8: да | D8: да | E8: нет (PCIe) | F8: нет
B9: MIG (до 7 изолированных инстансов) | C9: да | D9: да | E9: нет | F9: нет
B10: FP16 - веса 140 ГБ (максимальное качество)
B11: GPU минимум (веса + оверхед), шт | C11: =CEILING(VRAM!$C$6/(C5-Вводные!$C$21),1) -> 2 | D11: =CEILING(VRAM!$C$6/(D5-Вводные!$C$21),1) -> 4 | E11: =CEILING(VRAM!$C$6/(E5-Вводные!$C$21),1) -> 7 | F11: =CEILING(VRAM!$C$6/(F5-Вводные!$C$21),1) -> 10
B12: GPU по правилу 20% на KV, шт | C12: =CEILING(VRAM!$C$6*(1+Вводные!$C$20)/(C5-Вводные!$C$21),1) -> 3 | D12: =CEILING(VRAM!$C$6*(1+Вводные!$C$20)/(D5-Вводные!$C$21),1) -> 5 | E12: =CEILING(VRAM!$C$6*(1+Вводные!$C$20)/(E5-Вводные!$C$21),1) -> 8 | F12: =CEILING(VRAM!$C$6*(1+Вводные!$C$20)/(F5-Вводные!$C$21),1) -> 12
B13: Свободно на KV при минимуме, ГБ | C13: =C5*C11-VRAM!$C$6-Вводные!$C$21*C11 -> 17 | D13: =D5*D11-VRAM!$C$6-Вводные!$C$21*D11 -> 14 | E13: =E5*E11-VRAM!$C$6-Вводные!$C$21*E11 -> 17.5 | F13: =F5*F11-VRAM!$C$6-Вводные!$C$21*F11 -> 5
B14: Сессий @4096 в этом буфере, шт | C14: =ROUNDDOWN(C13/VRAM!$C$8,0) -> 12 | D14: =ROUNDDOWN(D13/VRAM!$C$8,0) -> 10 | E14: =ROUNDDOWN(E13/VRAM!$C$8,0) -> 13 | F14: =ROUNDDOWN(F13/VRAM!$C$8,0) -> 3
B15: «2 × A100 80» - минимум-влезание. Прод-нагрузка 1000 RPM требует больше: 2×A100 отвечают на вопрос «влезет ли», прод-кластер (лист «Оптимизация») - «выдержит ли 8 333 ток/с».
B16: INT8 - веса 70 ГБ («минимум для прода»)
B17: GPU минимум (веса + оверхед), шт | C17: =CEILING(VRAM!$D$6/(C5-Вводные!$C$21),1) -> 1 | D17: =CEILING(VRAM!$D$6/(D5-Вводные!$C$21),1) -> 2 | E17: =CEILING(VRAM!$D$6/(E5-Вводные!$C$21),1) -> 4 | F17: =CEILING(VRAM!$D$6/(F5-Вводные!$C$21),1) -> 5
B18: GPU по правилу 20% на KV, шт | C18: =CEILING(VRAM!$D$6*(1+Вводные!$C$20)/(C5-Вводные!$C$21),1) -> 2 | D18: =CEILING(VRAM!$D$6*(1+Вводные!$C$20)/(D5-Вводные!$C$21),1) -> 3 | E18: =CEILING(VRAM!$D$6*(1+Вводные!$C$20)/(E5-Вводные!$C$21),1) -> 4 | F18: =CEILING(VRAM!$D$6*(1+Вводные!$C$20)/(F5-Вводные!$C$21),1) -> 6
B19: Свободно на KV при минимуме, ГБ | C19: =C5*C17-VRAM!$D$6-Вводные!$C$21*C17 -> 8.5 | D19: =D5*D17-VRAM!$D$6-Вводные!$C$21*D17 -> 7 | E19: =E5*E17-VRAM!$D$6-Вводные!$C$21*E17 -> 20 | F19: =F5*F17-VRAM!$D$6-Вводные!$C$21*F17 -> 2.5
B20: Сессий @4096 в этом буфере, шт | C20: =ROUNDDOWN(C19/VRAM!$D$8,0) -> 6 | D20: =ROUNDDOWN(D19/VRAM!$D$8,0) -> 5 | E20: =ROUNDDOWN(E19/VRAM!$D$8,0) -> 14 | F20: =ROUNDDOWN(F19/VRAM!$D$8,0) -> 1
B21: На 1×A100-80 с 20%-запасом не влезает (70 + 14 + 1,5 > 80 ГБ) -> реплика из 2 GPU.
B22: INT4 - веса 35 ГБ (максимальная экономия памяти)
B23: GPU минимум (веса + оверхед), шт | C23: =CEILING(VRAM!$E$6/(C5-Вводные!$C$21),1) -> 1 | D23: =CEILING(VRAM!$E$6/(D5-Вводные!$C$21),1) -> 1 | E23: =CEILING(VRAM!$E$6/(E5-Вводные!$C$21),1) -> 2 | F23: =CEILING(VRAM!$E$6/(F5-Вводные!$C$21),1) -> 3
B24: GPU по правилу 20% на KV, шт | C24: =CEILING(VRAM!$E$6*(1+Вводные!$C$20)/(C5-Вводные!$C$21),1) -> 1 | D24: =CEILING(VRAM!$E$6*(1+Вводные!$C$20)/(D5-Вводные!$C$21),1) -> 2 | E24: =CEILING(VRAM!$E$6*(1+Вводные!$C$20)/(E5-Вводные!$C$21),1) -> 2 | F24: =CEILING(VRAM!$E$6*(1+Вводные!$C$20)/(F5-Вводные!$C$21),1) -> 3
B25: Свободно на KV при минимуме, ГБ | C25: =C5*C23-VRAM!$E$6-Вводные!$C$21*C23 -> 43.5 | D25: =D5*D23-VRAM!$E$6-Вводные!$C$21*D23 -> 3.5 | E25: =E5*E23-VRAM!$E$6-Вводные!$C$21*E23 -> 10 | F25: =F5*F23-VRAM!$E$6-Вводные!$C$21*F23 -> 8.5
B26: Сессий @4096 в этом буфере, шт | C26: =ROUNDDOWN(C25/VRAM!$E$8,0) -> 32 | D26: =ROUNDDOWN(D25/VRAM!$E$8,0) -> 2 | E26: =ROUNDDOWN(E25/VRAM!$E$8,0) -> 7 | F26: =ROUNDDOWN(F25/VRAM!$E$8,0) -> 6
B27: A100-40: влезает только с урезанным KV (~3,5 ГБ ~ 2–3 сессии) - не рекомендуется. L4/T4 «вмещают» INT4, но для 70B непригодны в проде - см. блок ниже.
B29: Проверка на прод-нагрузку (1000 RPM ~ 8 333 ток/с) - сводка листа «Оптимизация»
B30: FP16 + vLLM | C30: 8 реплик × 2 GPU + резерв = 16 × A100-80 | F30: максимальное качество
B31: INT8 + vLLM | C31: 4 реплики × 2 GPU + резерв = 8 × A100-80 | F31: компромисс
B32: INT4 (AWQ) + vLLM | C32: 4 реплики + 1 резерв = 5 × A100-80 | F32: рекомендация при пройденном гейте качества
B34: Почему не L4/T4 для 70B: инференс memory-bound - у L4/T4 пропускная способность памяти ~300 ГБ/с против 2 039 ГБ/с у A100-80 (в ~6,8 раза ниже) -> декод кратно медленнее, для 1000 RPM потребовались бы сотни карт; T4 (Turing) не поддерживает FlashAttention, L4/T4 - без NVLink (тензорный параллелизм через PCIe) и без MIG.
B35: Числа прод-блока считаются формулами на листе «Оптимизация» (roofline-модель с учетом чтения весов и KV-кэша); здесь - сводка.

Sheet Облака
B2: Шаг 2 · Стоимость аренды GPU за месяц - Yandex Cloud и Cloud.ru (₽ с НДС)
B4: Позиция прайса | C4: Цена | D4: Ед. | E4: Конфигурация / примечание | F4: Источник (проверено 2026-09-25)
B6: Yandex Cloud - прайс (регион «Россия»)
B7: GPU A100 (платформа AMD EPYC) | C7: 408.12 | D7: ₽/GPU·ч | E7: gpu-standard-v3 | F7: docs.yandex.cloud/ru/ru/compute/pricing.md - с 30.04.2026, вкл. НДС
B8: vCPU 100% (AMD EPYC) | C8: 0.9882 | D8: ₽/ч | E8: - | F8: docs.yandex.cloud/ru/ru/compute/pricing.md - с 30.04.2026, вкл. НДС
B9: RAM (AMD EPYC) | C9: 0.3074 | D9: ₽/ГБ·ч | E9: - | F9: docs.yandex.cloud/ru/ru/compute/pricing.md - с 30.04.2026, вкл. НДС
B10: A100 preemptible - GPU | C10: 163.25 | D10: ₽/GPU·ч | E10: прерываемая ВМ: только dev/тесты | F10: docs.yandex.cloud/ru/ru/compute/pricing.md - с 30.04.2026, вкл. НДС
B11: vCPU / RAM preemptible (AMD EPYC) | C11: 0,3952 / 0,1207 | D11: ₽/ч; ₽/ГБ·ч | E11: - | F11: docs.yandex.cloud/ru/ru/compute/pricing.md - с 30.04.2026, вкл. НДС
B12: GPU T4 | C12: 70.27 | D12: ₽/GPU·ч | E12: 16 ГБ; Ice Lake | F12: docs.yandex.cloud/ru/ru/compute/pricing.md - с 30.04.2026, вкл. НДС
B13: GPU T4i (аналог L4: 24 ГБ GDDR6, 300 ГБ/с) | C13: 158.11 | D13: ₽/GPU·ч | E13: Ice Lake | F13: docs.yandex.cloud/ru/ru/compute/pricing.md - с 30.04.2026, вкл. НДС
B14: vCPU / RAM (Ice Lake, для T4/T4i) | C14: 1,15 / 0,3074 | D14: ₽/ч; ₽/ГБ·ч | E14: - | F14: docs.yandex.cloud/ru/ru/compute/pricing.md - с 30.04.2026, вкл. НДС
B15: g3.1: 1×A100-80, 28 vCPU, 119 ГБ RAM | C15: =C7+28*C8+119*C9 -> 472.3702 | D15: ₽/ч | E15: базовая конфигурация A100 | F15: docs.yandex.cloud/ru/ru/compute/pricing.md - с 30.04.2026, вкл. НДС
B16: g3.1 preemptible (dev/тесты) | C16: =C10+28*0.3952+119*0.1207 -> 188.6789 | D16: ₽/ч | E16: в 2,5× дешевле обычной | F16: docs.yandex.cloud/ru/ru/compute/pricing.md - с 30.04.2026, вкл. НДС
B17: g3.2: 2×A100-80, 56 vCPU, 238 ГБ RAM | C17: =2*C15 -> 944.7404 | D17: ₽/ч | E17: тарификация линейная | F17: docs.yandex.cloud/ru/ru/compute/pricing.md - с 30.04.2026, вкл. НДС
B18: 1×T4: 8 vCPU, 32 ГБ RAM | C18: =C12+8*1.15+32*0.3074 -> 89.3068 | D18: ₽/ч | E18: - | F18: docs.yandex.cloud/ru/ru/compute/pricing.md - с 30.04.2026, вкл. НДС
B19: 1×T4i: 8 vCPU, 32 ГБ RAM | C19: =C13+8*1.15+32*0.3074 -> 177.1468 | D19: ₽/ч | E19: аналог L4 | F19: docs.yandex.cloud/ru/ru/compute/pricing.md - с 30.04.2026, вкл. НДС
B21: Cloud.ru - прайс (пересчет с НДС 22%)
B22: Ставка НДС (множитель, 2026 г.) | C22: 1.22 | D22: × | E22: прайсы Cloud.ru публикуются без НДС | F22: cdn.cloud.ru/docs/legal/tariffs/… (EVO.1G вер. 260909; VMW.1.3 вер. 260619) - без НДС ×1,22
B23: Evolution: A100 80 ГБ PCI, 1 GPU (20 vCPU/125 ГБ) | C23: =260*$C$22 -> 317.2 | D23: ₽/ч | E23: 260 ₽/ч без НДС; поз. 20 прил. №7.EVO.1G | F23: cdn.cloud.ru/docs/legal/tariffs/… (EVO.1G вер. 260909; VMW.1.3 вер. 260619) - без НДС ×1,22
B24: Evolution: A100 80 ГБ PCI, 2 GPU (40/250) | C24: =520*$C$22 -> 634.4 | D24: ₽/ч | E24: 520 ₽/ч без НДС; поз. 27 | F24: cdn.cloud.ru/docs/legal/tariffs/… (EVO.1G вер. 260909; VMW.1.3 вер. 260619) - без НДС ×1,22
B25: Evolution: A100 80 ГБ NVLink AMD, 2 GPU (56/470) | C25: =700*$C$22 -> 854 | D25: ₽/ч | E25: 700 ₽/ч без НДС; поз. 3; быстрый интерконнект для тензорного параллелизма | F25: cdn.cloud.ru/docs/legal/tariffs/… (EVO.1G вер. 260909; VMW.1.3 вер. 260619) - без НДС ×1,22
B26: Evolution: A100 40 ГБ PCI, 1 GPU (24/220) | C26: =210*$C$22 -> 256.2 | D26: ₽/ч | E26: 210 ₽/ч без НДС; поз. 22 | F26: cdn.cloud.ru/docs/legal/tariffs/… (EVO.1G вер. 260909; VMW.1.3 вер. 260619) - без НДС ×1,22
B27: Evolution: V100, 1 GPU (4/64) | C27: =200*$C$22 -> 244 | D27: ₽/ч | E27: 200 ₽/ч без НДС; поз. 24 | F27: cdn.cloud.ru/docs/legal/tariffs/… (EVO.1G вер. 260909; VMW.1.3 вер. 260619) - без НДС ×1,22
B28: VMware vDC: 1× T4, 8 vCPU/32 ГБ (Reservation, месяц) | C28: =50500*$C$22 -> 61610 | D28: ₽/мес | E28: 50 500 ₽/мес без НДС; поз. 19 прил. №7.VMW.1.3 - помесячная подписка, не pay-as-you-go | F28: cdn.cloud.ru/docs/legal/tariffs/… (EVO.1G вер. 260909; VMW.1.3 вер. 260619) - без НДС ×1,22
B29: L4 / L40S | C29: нет в публичном прайсе | D29: - | E29: ближайший аналог L4 в облаках РФ - Yandex T4i | F29: cdn.cloud.ru/docs/legal/tariffs/… (EVO.1G вер. 260909; VMW.1.3 вер. 260619) - без НДС ×1,22
B31: Сравнение за месяц (730 ч, 24/7) по конфигурациям из листов «GPU» и «Оптимизация»
B32: Конфигурация | C32: GPU, шт | D32: Yandex ₽/мес | E32: Cloud.ru ₽/мес | F32: Комментарий
B33: FP16, минимум «влезет» - 2×A100-80 | C33: 2 | D33: =C33*C15*Вводные!$C$22 -> 689660.49 | E33: =C33*C23*Вводные!$C$22 -> 463112 | F33: стартовый вариант без KV-запаса
B34: FP16, по правилу 20% - 3×A100-80 | C34: 3 | D34: =C34*C15*Вводные!$C$22 -> 1034490.7 | E34: =C34*C23*Вводные!$C$22 -> 694668 | F34: + KV-запас
B35: FP16 прод (vLLM) - 16×A100-80 | C35: =Оптимизация!I10 -> 16 | D35: =C35*C15*Вводные!$C$22 -> 5517283.9 | E35: =C35*C23*Вводные!$C$22 -> 3704896 | F35: 8 реплик × 2 GPU + резерв
B36: INT8 прод (vLLM) - 8×A100-80 | C36: =Оптимизация!I11 -> 8 | D36: =C36*C15*Вводные!$C$22 -> 2758642 | E36: =C36*C23*Вводные!$C$22 -> 1852448 | F36: 4 реплики × 2 GPU + резерв
B37: INT4 прод (vLLM, рекомендация) - 5×A100-80 | C37: =Оптимизация!I12 -> 5 | D37: =C37*C15*Вводные!$C$22 -> 1724151.2 | E37: =C37*C23*Вводные!$C$22 -> 1157780 | F37: 4 реплики + 1 резерв
B38: INT4 минимум - 1×A100-80 | C38: 1 | D38: =C38*C15*Вводные!$C$22 -> 344830.25 | E38: =C38*C23*Вводные!$C$22 -> 231556 | F38: только низкий трафик / тест качества
B39: INT4 на L4/T4i - 2×T4i | C39: 2 | D39: =C39*C19*Вводные!$C$22 -> 258634.33 | E39: - | F39: не для прода: пропускная способность памяти в ~6,8× ниже A100
B40: INT4 на T4 - 3×T4 | C40: 3 | D40: =C40*C18*Вводные!$C$22 -> 195581.89 | E40: =C40*C28 -> 184830 | F40: не для прода: T4 без FlashAttention; Cloud.ru - помесячный Reservation
B41: Dev-стенд - 1×A100-80 preemptible | C41: 1 | D41: =C41*C16*Вводные!$C$22 -> 137735.6 | E41: - | F41: прерываемая ВМ, в 2,5× дешевле
B43: Yandex: инстанс g3.1 (1×A100-80 + vCPU/RAM); для N GPU - N инстансов g3.1 или g3.2 на 2 GPU (тарификация линейная). Cloud.ru: A100-80 PCI за GPU·час с НДС 22%; T4 - только помесячный Reservation в VMware-тарифе (напрямую с почасовым не сравнивать). Цены Yandex уже включают НДС.
B44: Вывод по облакам: A100-80 в Cloud.ru (~317 ₽/ч с НДС) примерно на треть дешевле Yandex (~472 ₽/ч); у Yandex - preemptible для dev (в 2,5× дешевле) и зрелый managed-стек. Полные ссылки - лист «Источники».

Sheet Оптимизация
B2: Шаг 3 · Батчинг и vLLM: сколько стоит 1000 RPM и что дает оптимизация
B4: Сценарий | C4: Движок / метод | D4: Формат | E4: GPU на реплику | F4: Батч B | G4: Ток/с на реплику | H4: Реплик (расчет) | I4: GPU всего (с резервом) | J4: ₽/мес Yandex | K4: ₽/мес Cloud.ru | L4: Экономия vs B
B6: Roofline-модель (memory-bound декод): ток/с = B × η × (N_GPU × 2039 ГБ/с) / (веса_ГБ + B × KV_сессии_ГБ)
B7: За шаг декода GPU читает из памяти веса (целиком) и KV-кэш всех сессий батча. η - эффективность пропускной памяти (Вводные!C29 = 70%). Батч ограничен свободной VRAM: (N×80 − веса − 1,5×N) / KV на сессию.
B8: A. Без батчинга | C8: HF Transformers, 1 запрос за раз | D8: FP16 | E8: 2 | F8: 1 | G8: =F8*E8*Вводные!$C$29*GPU!$C$6/(VRAM!$C$6+F8*Вводные!$C$24) -> 20.35427 | H8: =Вводные!$C$27 -> 334 | I8: =H8*E8 -> 668 | J8: =I8*Облака!$C$15*Вводные!$C$22 -> 2.303466e+08 | K8: =I8*Облака!$C$23*Вводные!$C$22 -> 154679408
B9: B. Статический батчинг 16 | C9: движок со статическим батчем | D9: FP16 | E9: 2 | F9: 16 | G9: =F9*E9*Вводные!$C$29*GPU!$C$6/(VRAM!$C$6+F9*Вводные!$C$24) -> 317.32727 | H9: =ROUNDUP(Вводные!$C$28/G9,0)+0 -> 27 | I9: =H9*E9 -> 54 | J9: =I9*Облака!$C$15*Вводные!$C$22 -> 18620833 | K9: =I9*Облака!$C$23*Вводные!$C$22 -> 12504024
B10: C. vLLM: continuous batching + PagedAttention + FA2 | C10: vLLM | D10: FP16 | E10: 2 | F10: 68 | G10: =F10*E10*Вводные!$C$29*GPU!$C$6/(VRAM!$C$6+F10*Вводные!$C$24) -> 1238.662 | H10: =ROUNDUP(Вводные!$C$28/G10,0)+1 -> 8 | I10: =H10*E10 -> 16 | J10: =I10*Облака!$C$15*Вводные!$C$22 -> 5517283.9 | K10: =I10*Облака!$C$23*Вводные!$C$22 -> 3704896 | L10: =1-J10/$J$9 -> 0.7037037
B11: C'. vLLM + INT8 (граница «для прода») | C11: vLLM | D11: INT8 | E11: 2 | F11: 96 | G11: =F11*E11*Вводные!$C$29*GPU!$C$6/(VRAM!$D$6+F11*Вводные!$C$24) -> 2928.0151 | H11: =ROUNDUP(Вводные!$C$28/G11,0)+1 -> 4 | I11: =H11*E11 -> 8 | J11: =I11*Облака!$C$15*Вводные!$C$22 -> 2758642 | K11: =I11*Облака!$C$23*Вводные!$C$22 -> 1852448 | L11: =1-J11/$J$9 -> 0.85185185
B12: D. vLLM + INT4 (AWQ) + гейт качества | C12: vLLM | D12: INT4 | E12: 1 | F12: 96 | G12: =F12*E12*Вводные!$C$29*GPU!$C$6/(VRAM!$E$6+F12*Вводные!$C$24) -> 2338.5198 | H12: =ROUNDUP(Вводные!$C$28/G12,0)+1 -> 5 | I12: =H12*E12 -> 5 | J12: =I12*Облака!$C$15*Вводные!$C$22 -> 1724151.2 | K12: =I12*Облака!$C$23*Вводные!$C$22 -> 1157780 | L12: =1-J12/$J$9 -> 0.90740741
B14: Откуда коэффициенты выигрыша (проверяемые источники)
B15: vLLM (архивная копия vllm.ai/blog/2023-06-20-vllm и arXiv:2309.06180): до 24× throughput против HF Transformers, до 3,5× против TGI; кейс LMSYS Chatbot Arena - вдвое меньше GPU при том же трафике. Оговорка: замеры в блоге - LLaMA-7B/13B; для 70B выигрыш скромнее, поэтому ток/с здесь считается консервативной roofline-моделью, а не переносом «24×».
B16: Физика выигрыша: инференс memory-bound - веса читаются из VRAM один раз на шаг и работают сразу на весь батч; continuous batching держит батч полным (освободившийся слот сразу занимает новый запрос); PagedAttention убирает избыточное резервирование и фрагментацию KV; FlashAttention ускоряет prefill. Сценарий A - иллюстративный, так прод не запускают.
B17: Батч C = 68 ограничен свободной VRAM реплики FP16: (160 − 140 − 3) / 0,25 ГБ ~ 68 сессий; для INT8/INT4 память не лимитирует - взят 96 (желтая редактируемая ячейка). Резерв +1 реплика в C, C', D - «нагрузочный тест на двойном пике»; A и B - без резерва (иллюстративные).

Sheet Вывод
B2: Шаг 4 · Рекомендуемая конфигурация
B4: Вариант | C4: GPU (с резервом) | D4: ₽/мес Yandex | E4: ₽/мес Cloud.ru | F4: Комментарий
B5: Базовый (позиция лекции): vLLM + FP16 | C5: 16 × A100-80 | D5: =Оптимизация!J10 -> 5517283.9 | E5: =Оптимизация!K10 -> 3704896 | F5: максимальное качество; 8 реплик × 2 GPU + резерв
B6: Компромисс (граница лекции): vLLM + INT8 | C6: 8 × A100-80 | D6: =Оптимизация!J11 -> 2758642 | E6: =Оптимизация!K11 -> 1852448 | F6: вдвое дешевле FP16; int8 - «минимум для прода»
B7: Рекомендуемый: vLLM + INT4 (AWQ) + гейт качества | C7: 5 × A100-80 | D7: =Оптимизация!J12 -> 1724151.2 | E7: =Оптимизация!K12 -> 1157780 | F7: ~3× дешевле FP16; гейт качества (перплексия + оценка на домене) обязателен, fallback - FP16
B9: 1) VRAM (Шаг 1). FP16: 70 млрд × 2 байт = 140 ГБ весов + KV-кэш и оверхед -> минимум «влезания» 2×A100-80 (пример лектора ~160 ГБ), по правилу 20% - 3. INT4: 70 млрд × 0,5 байт = 35 ГБ -> 1×A100-80 с запасом. Квантование снижает память в 4 раза и переводит модель с двух дорогих карт на одну; int4 - экспериментальный формат: в прод - только через AWQ и гейт качества.
B10: 2) Облака (Шаг 2). Месяц 24/7: A100-80 в Cloud.ru ~ 317 ₽/ч с НДС против ~ 472 ₽/ч в Yandex Cloud (g3.1 c vCPU/RAM) - Cloud.ru на треть дешевле; у Yandex - preemptible (в 2,5× дешевле) для dev. T4 дешевле за GPU-час, но для 70B непригоден (п. 4). L4 в публичных прайсах обоих облаков нет (аналог в Yandex - T4i 24 ГБ).
B11: 3) Оптимизация (Шаг 3). 1000 RPM ~ 8 333 выходных ток/с. Без батчинга - сотни GPU (иллюстративно, ~230 млн ₽/мес); статический батчинг-16: ~54×A100 ~ 18,6 млн ₽/мес; vLLM (continuous batching + PagedAttention + FlashAttention): FP16 - 16×A100-80 ~ 5,5 млн ₽/мес, INT8 - 8×A100-80 ~ 2,8 млн, INT4 (AWQ) - 5×A100-80 ~ 1,7 млн ₽/мес. Экономия INT4 против статического батчинга ~ 91%, против FP16+vLLM ~ 69%.
B12: 4) Почему не T4/L4 для 70B. Инференс memory-bound: у L4/T4 память ~300 ГБ/с против 2 039 ГБ/с у A100-80 - декод в десятки раз медленнее, на 1000 RPM нужны сотни карт; T4 (Turing) без FlashAttention; L4/T4 без NVLink и MIG. Они годятся для локальных INT4-экспериментов, но не для прод-нагрузки 70B.
B13: 5) Рекомендация. Прод: Llama-3-70B AWQ INT4 + vLLM на 5×A100-80 (4 реплики + 1 резерв) в Cloud.ru (~1,2 млн ₽/мес) или Yandex (~1,7 млн ₽/мес); Kubernetes + автоскейл по ток/с, LiteLLM-прокси с лимитами и ротацией ключей, нагрузочный тест на 2× пика (2000 RPM). Fallback - FP16/INT8 при непрохождении гейта качества. Dev - preemptible A100 в Yandex. «2×A100» отвечает «влезет ли», «5×A100» - «выдержит ли 1000 RPM».
B15: Все числа - живые ссылки на листы «Оптимизация» и «Облака»: при смене допущений (желтые ячейки листа «Вводные») книга пересчитается целиком.

Sheet Источники
B2: Источники цен и данных (проверено 25.09.2026)
B4: № | C4: Что | D4: Ссылка | E4: Дата проверки | F4: Комментарий
B5: 1 | C5: Прайс Yandex Compute Cloud (A100 408,12 ₽; T4 70,27 ₽; T4i 158,11 ₽; V100 261,28 ₽ за GPU·ч; vCPU/RAM; preemptible) | D5: https://docs.yandex.cloud/ru/ru/compute/pricing.md | E5: 2026-09-25 | F5: регион «Россия», с НДС; действуют с 30.04.2026
B6: 2 | C6: Конфигурации GPU Yandex (g3.1 = 1×A100-80, 28 vCPU/119 ГБ; T4i 24 ГБ GDDR6, 300 ГБ/с) | D6: https://docs.yandex.cloud/ru/ru/compute/concepts/gpus.md | E6: 2026-09-25 | F6: линейка A100-80 / V100 / T4 / T4i; Gen2/V4
B7: 3 | C7: Cloud.ru, тариф «Evolution Compute. GPU» (прил. №7.EVO.1G, вер. 260909): A100-80 PCI 260 ₽/ч без НДС за 1 GPU | D7: https://cdn.cloud.ru/docs/legal/tariffs/evolution/current-version/evolution-compute-gpu.pdf | E7: 2026-09-25 | F7: официальный тарифный PDF; пересчет с НДС 22%
B8: 4 | C8: Cloud.ru, тариф «Виртуальный ЦОД с GPU» (VMware, прил. №7.VMW.1.3, вер. 260619): 1×T4 - 50 500 ₽/мес без НДС | D8: https://cdn.cloud.ru/docs/legal/tariffs/vmware/current-version/vdc-gpu.pdf | E8: 2026-09-25 | F8: Reservation/месяц; в Evolution T4 нет, L4/L40S в публичных прайсах нет
B9: 5 | C9: Cloud.ru, реестр тарифов (приложения к договору) | D9: https://cloud.ru/documents/tariffs/index | E9: 2026-09-25 | F9: структура current-version / future-version
B10: 6 | C10: vLLM: PagedAttention (до 24× против HF Transformers, до 3,5× против TGI, кейс LMSYS −50% GPU) | D10: https://web.archive.org/web/2024/https://vllm.ai/blog/2023-06-20-vllm | E10: 2026-09-25 | F10: оригинал vllm.ai сейчас недоступен - архивная копия; замеры на LLaMA-7B/13B
B11: 7 | C11: Статья vLLM «Efficient Memory Management for LLM Serving with PagedAttention» | D11: https://arxiv.org/abs/2309.06180 | E11: 2026-09-25 | F11: первоисточник
B12: 8 | C12: Llama-3-70B config.json (80 слоев, 64 головы, 8 KV-голов, hidden 8192 -> head_dim 128) | D12: https://huggingface.co/NousResearch/Meta-Llama-3-70B/blob/main/config.json | E12: 2026-09-25 | F12: зеркало весов Meta
B13: 9 | C13: Калькуляторы VRAM | D13: https://huggingface.co/spaces/NyxKrage/LLM-Model-VRAM-Calculator | E13: 2026-09-25 | F13: второй: apxml.com/tools/vram-calculator
B15: Цены сверены по первоисточникам 25.09.2026: Yandex - официальная документация; Cloud.ru - юридические тарифные PDF со страницы «Тарифы».
